Fecha,Hora,artistName,trackName,msPlayed,Fuente
2023-05-26,14:52,Andrés Calamaro,Te quiero igual,188394,A
2023-05-26,14:56,ROSALÍA,BESO,194543,A
2023-05-26,14:58,Emilia,Jagger.mp3,155861,A
2023-05-26,15:01,Lola Indigo,EL TONTO,188087,A
2023-05-26,15:07,Lola Indigo,EL TONTO,166809,A
2023-05-26,15:09,Quevedo,LISBOA,151304,A
2023-05-26,15:12,Quevedo,YANKEE,194400,A
2023-05-26,15:13,Catupecu Machu,A Veces Vuelvo,40841,A
2023-05-26,15:15,Milo j,Milagrosa,140288,A
2023-05-26,15:19,Luck Ra,Ya No Vuelvas (Versión Cuarteto),204000,A
2023-05-26,15:21,Emilia,Jagger.mp3,155861,A
2023-05-26,15:24,Eladio Carrion,Me Gustas Natural,170078,A
2023-05-26,15:27,Lola Indigo,EL TONTO,188087,A
2023-05-26,15:31,ROSALÍA,BESO,194543,A
2023-05-26,15:33,Quevedo,LISBOA,151304,A
2023-05-26,15:36,Feid,Normal,171880,A
2023-05-26,15:39,Quevedo,YANKEE,194400,A
2023-05-26,15:43,Quevedo,MUÑECA,210750,A
2023-05-26,15:45,Taiu,Rara Vez,128677,A
2023-05-26,15:48,TINI,Cupido,174369,A
2023-05-26,15:51,Quevedo,WANDA,160909,A
2023-05-26,15:53,TINI,Las Jordans,144799,A
2023-05-26,15:57,Rei,FERNET,5491,A
2023-05-26,15:57,Quevedo,PLAYA DEL INGLÉS,237525,A
2023-05-26,15:58,Cris Mj,Marisola - Remix,54125,A
2023-05-26,16:05,La Joaqui,Amanecemos,198183,A
2023-05-26,16:08,Eslabon Armado,Ella Baila Sola,165671,A
2023-05-26,16:11,Miranda!,Perfecta (Versión 2023),189041,A
2023-05-26,16:13,Milo j,AL BORDE,148321,A
2023-05-26,16:16,Lauty Gram,Vida Gangster,170058,A
2023-05-26,16:19,BM,M.A (Mejores Amigos),158309,A
2023-05-26,16:22,Bad Bunny,WHERE SHE GOES,231704,A
2023-05-26,16:22,Feid,Feliz Cumpleaños Ferxxo,5330,A
2023-05-26,16:22,Taiu,Rara Vez,905,A
2023-05-26,16:23,Big One,En La Intimidad | CROSSOVER #1,673,A
2023-05-26,16:23,TINI,Muñecas,1277,A
2023-05-26,16:23,ECKO,Te Escapas De Mis Brazos (Remix),975,A
2023-05-26,16:25,Big One,En La Intimidad | CROSSOVER #1,165854,A
2023-05-26,16:30,ECKO,Te Escapas De Mis Brazos (Remix),217826,A
2023-05-26,16:32,Mesita,Dale Mecha,150829,A
2023-05-26,16:36,Ke Personajes,Pobre Corazón - En Vivo,198930,A
2023-05-26,16:38,The La Planta,DISCOTEKA (feat. Locura Mix),106088,A
2023-05-26,16:49,BM,M.A - Remix,0,A
2023-05-26,16:49,Maria Becerra,ADIÓS,156244,A
2023-05-26,16:52,Feid,Classy 101,195986,A
2023-05-26,16:56,Nicki Nicole,CAEN LAS ESTRELLAS,145171,A
2023-05-26,16:56,Yandel,Yandel 150,673,A
2023-05-26,16:56,Maria Becerra,ADIÓS,7008,A
2023-05-26,16:58,LiL CaKe,MERCHO,161451,A
2023-05-26,17:01,Grupo Frontera,un x100to,186375,A
2023-05-26,17:03,Camila,Decidiste Dejarme,1137,A
2023-05-26,17:03,Bizarrap,"Shakira: Bzrp Music Sessions, Vol. 53",65085,A
2023-05-26,17:03,Airbag,Solo aquí,2345,A
2023-05-26,17:06,Los Abuelos De La Nada,Mil Horas,210697,A
2023-05-26,17:06,Callejeros,9 de Julio,1555,A
2023-05-26,17:06,Julieta Venegas,Limón y Sal,1880,A
2023-05-26,17:06,Los Cafres,Tus Ojos,766,A
2023-05-26,17:06,Los Abuelos De La Nada,Costumbres Argentinas,5331,A
2023-05-26,17:09,Attaque 77,Arrancacorazones,1462,A
2023-05-26,17:09,Andrés Calamaro,Cartas Sin Marcar,141734,A
2023-05-26,17:09,Ulises Bueno,Intento,1114,A
2023-05-26,17:12,Ulises Bueno,Intento,233560,A
2023-05-26,17:13,Attaque 77,Arrancacorazones,9590,A
2023-05-26,17:13,Andrés Calamaro,Te quiero igual,5317,A
2023-05-26,17:15,Luis Alberto Spinetta,Seguir Viviendo Sin Tu Amor,11888,A
2023-05-26,17:27,Serú Girán,"Viernes, 3AM",13888,A
2023-05-26,17:27,Luis Alberto Spinetta,Seguir Viviendo Sin Tu Amor,7488,A
2023-05-26,17:27,Catupecu Machu,A Veces Vuelvo,3434,A
2023-05-26,17:27,Andrés Calamaro,Te quiero igual,3840,A
2023-05-26,17:27,Gustavo Cerati,Deja Vu,4778,A
2023-05-26,17:28,Andrés Calamaro,Cartas Sin Marcar,11135,A
2023-05-29,18:25,Andrés Calamaro,Cartas Sin Marcar,253730,A
2023-05-29,18:28,ROSALÍA,BESO,194543,A
2023-05-29,18:31,Feid,Classy 101,195986,A
2023-05-29,18:34,Emilia,Jagger.mp3,155861,A
2023-05-29,18:45,Lola Indigo,EL TONTO,187456,A
2023-05-29,19:02,Quevedo,YANKEE,176348,A
2023-05-29,19:09,Attaque 77,Arrancacorazones,7534,A
2023-05-29,19:09,Quevedo,LISBOA,151304,A
2023-05-29,19:14,Andrés Calamaro,Cartas Sin Marcar,264866,A
2023-05-29,19:17,Big One,Un Finde | CROSSOVER #2,162500,A
2023-05-29,19:20,Yng Lvcas,La Bebe - Remix,136791,A
2023-05-29,19:25,BM,M.A - Remix,272727,A
2023-05-29,19:26,Ke Personajes,Pobre Corazón - En Vivo,106004,A
2023-05-29,19:29,Tiago PZK,Me Enteré,182075,A
2023-05-29,19:33,Feid,Classy 101,195986,A
2023-05-29,19:41,Big One,En La Intimidad | CROSSOVER #1,165854,A
2023-05-29,19:44,Grupo Frontera,un x100to,194563,A
2023-05-29,19:47,Luck Ra,Ya No Vuelvas (Versión Cuarteto),204000,A
2023-05-29,19:50,Emilia,No_se_ve.mp3,203636,A
2023-05-29,19:53,Maria Becerra,ADIÓS,135711,A
2023-05-29,19:53,Eslabon Armado,Ella Baila Sola,1811,A
2023-05-29,19:53,Nicki Nicole,DISPARA ***,2275,A
2023-05-29,19:53,BM,M.A (Mejores Amigos),1068,A
2023-05-29,19:55,Mesita,Dale Mecha,150829,A
2023-05-29,19:57,Taiu,Rara Vez,128677,A
2023-05-29,19:58,Yandel,Yandel 150,18178,A
2023-05-29,19:58,Bad Bunny,WHERE SHE GOES,1091,A
2023-05-29,19:58,LiL CaKe,MERCHO,835,A
2023-05-29,19:58,Miranda!,Perfecta (Versión 2023),789,A
2023-05-29,20:02,KAROL G,TQG,719,A
2023-05-29,20:02,Maria Becerra,Te Cura,13462,A
2023-05-29,20:02,Ke Personajes,Si No Te Tengo / Ángel / Aquello Que Pasó,3227,A
2023-05-29,20:02,Shakira,Acróstico,1091,A
2023-05-29,20:02,Andrés Calamaro,Cartas Sin Marcar,264866,A
2023-05-29,20:02,Emilia,Jagger.mp3,1439,A
2023-05-29,20:03,La Joaqui,Amanecemos,673,A
2023-05-29,20:03,Damas Gratis,Costumbres - Vivo,789,A
2023-05-29,20:03,Manuel Turizo,La Bachata,766,A
2023-05-29,20:03,Milo j,AL BORDE,650,A
2023-05-29,20:03,Feid,Feliz Cumpleaños Ferxxo,580,A
2023-05-29,20:03,ROSALÍA,BESO,1346,A
2023-05-29,20:03,Feid,Normal,1068,A
2023-05-29,20:03,TINI,Muñecas,1277,A
2023-05-29,20:03,Bizarrap,"Shakira: Bzrp Music Sessions, Vol. 53",1021,A
2023-05-29,20:03,The La Planta,DISCOTEKA (feat. Locura Mix),719,A
2023-05-29,20:03,Cris Mj,Marisola - Remix,1137,A
2023-05-29,20:03,Luck Ra,Quiero Creer,1439,A
2023-05-29,20:03,ECKO,Te Escapas De Mis Brazos (Remix),673,A
2023-05-29,20:03,Lolo OG,Azote - Remix,534,A
2023-05-29,20:03,TINI,Cupido,1811,A
2023-05-29,20:05,Nicki Nicole,CAEN LAS ESTRELLAS,145171,A
2023-05-29,20:06,Camila,Decidiste Dejarme,5201,A
2023-05-29,20:06,Lauty Gram,Vida Gangster,1532,A
2023-05-29,20:06,Quevedo,PUNTO G,603,A
2023-05-29,20:06,Attaque 77,Arrancacorazones,1207,A
2023-05-29,20:06,Rei,Tu Turrito,812,A
2023-05-29,20:06,Ke Personajes,Otro Día Más,1927,A
2023-05-29,20:06,Ozuna,Hey Mor,11740,A
2023-05-29,20:06,WOS,ARRANCARMELO,17856,A
2023-05-29,20:06,Eladio Carrion,Coco Chanel,1416,A
2023-05-29,20:06,Feid,Niña Bonita,1509,A
2023-05-29,20:06,Nicki Nicole,qué le pasa conmigo?,859,A
2023-05-29,20:09,Nicki Nicole,DISPARA ***,143935,A
2023-05-29,20:10,Quevedo,PUNTO G,41745,A
2023-05-29,20:10,Ulises Bueno,Intento,185,A
2023-05-29,20:14,Intoxicados,Nunca quise,260371,A
2023-05-29,20:16,Julieta Venegas,Me Voy,128716,A
2023-05-29,20:16,Los Cafres,Tus Ojos,2368,A
2023-05-29,20:16,Airbag,Solo aquí,859,A
2023-05-29,20:21,Catupecu Machu,A Veces Vuelvo,266133,A
2023-05-29,20:22,Andrés Calamaro,Cartas Sin Marcar,97947,A
2023-05-31,10:22,Llane,Será,1984,A
2023-05-31,10:25,PARTYNEXTDOOR,BELIEVE IT,183219,A
2023-05-31,10:25,KHEA,Dónde Estás,7004,A
2023-05-31,10:28,Milo j,Morocha,139172,A
2023-05-31,10:30,Bad Bunny,Si Estuviésemos Juntos,169247,A
2023-05-31,10:34,Yera,Que Fluya - Remix,201875,A
2023-05-31,10:34,KHEA,tu msj </3,1685,A
2023-05-31,10:34,Ovy On The Drums,Inolvidable,4674,A
2023-05-31,10:37,Rels B,SIN MIRAR LAS SEÑALES,180000,A
2023-05-31,10:37,Sech,Falsas Promesas,6810,A
2023-05-31,10:37,Rels B,Como Antes,1493,A
2023-05-31,10:37,Danny Ocean,Dembow,874,A
2023-05-31,10:40,Danny Ocean,Dembow,215082,A
2023-05-31,10:42,Bizarrap,"KHEA: Bzrp Music Sessions, Vol. 34",5699,A
2023-05-31,10:42,Rels B,Como Antes,142576,A
2023-05-31,10:43,Trueno,Hood - Remix,1066,A
2023-05-31,10:43,Bad Bunny,TE MUDASTE,3797,A
2023-05-31,10:45,Rauw Alejandro,Aquel Nap ZzZz,9597,A
2023-05-31,10:45,Rels B,Un Verano En Mallorca,144039,A
2023-05-31,10:47,Rels B,cómo dormiste?,112572,A
2023-05-31,10:51,Bad Bunny,Si Estuviésemos Juntos,169247,A
2023-05-31,10:54,Rels B,SIN MIRAR LAS SEÑALES,180000,A
2023-05-31,10:56,KHEA,tu msj </3,119498,A
2023-05-31,10:59,"Tyler, The Creator",EARFQUAKE,190066,A
2023-05-31,11:02,Mura Masa,Love$ick (feat. A$AP Rocky),192160,A
2023-05-31,11:05,Travis Scott,goosebumps,207863,A
2023-05-31,19:33,Foster The People,Sit Next to Me,3946,A
2023-05-31,19:33,Travis Scott,goosebumps,3221,A
2023-05-31,19:38,Kanye West,Only One,280226,A
2023-05-31,19:39,Drake,IMY2 (with Kid Cudi),65751,A
2023-05-31,19:43,Wiz Khalifa,The Thrill,234333,A
2023-05-31,19:45,Juice WRLD,Hear Me Calling,135410,A
2023-05-31,19:47,YNW Melly,Murder On My Mind,138751,A
2023-05-31,19:51,Frank Ocean,Pink + White,32426,A
2023-05-31,19:51,Rhye,Song For You,3690,A
2023-05-31,19:51,Drake,Massive,2325,A
2023-05-31,19:51,Drake,Chicago Freestyle (feat. Giveon),180458,A
2023-05-31,19:51,Drake,In My Feelings,1493,A
2023-05-31,19:51,Anderson .Paak,Miss Right,1002,A
2023-05-31,19:51,Future,Life Is Good (feat. Drake),1834,A
2023-05-31,19:53,J. Cole,No Role Modelz,10172,A
2023-05-31,19:53,Dominic Fike,Babydoll,97960,A
2023-05-31,19:53,Anderson .Paak,'Til It's Over,7189,A
2023-05-31,19:53,French Montana,Unforgettable,1856,A
2023-05-31,19:53,Drake,Passionfruit,682,A
2023-05-31,19:53,Kanye West,Homecoming,661,A
2023-06-01,18:12,Anderson .Paak,'Til It's Over,88981,A
2023-06-01,18:15,ROSALÍA,BESO,194543,A
2023-06-01,18:18,Emilia,Jagger.mp3,155861,A
2023-06-01,18:21,Feid,Classy 101,195986,A
2023-06-01,18:24,Lola Indigo,EL TONTO,184775,A
2023-06-01,18:24,Quevedo,YANKEE,1306,A
2023-06-01,18:29,Feid,Feliz Cumpleaños Ferxxo,1416,A
2023-06-01,18:29,Anderson .Paak,'Til It's Over,831,A
2023-06-01,18:29,Shakira,Acróstico,1230,A
2023-06-01,18:32,Feid,Normal,4161,A
2023-06-01,18:32,Emilia,Jagger.mp3,155522,A
2023-06-01,18:34,LiL CaKe,MERCHO,161451,A
2023-06-01,18:35,KAROL G,TQG,766,A
2023-06-01,18:35,Manuel Turizo,La Bachata,859,A
2023-06-01,18:35,Big One,Un Finde | CROSSOVER #2,23,A
2023-06-01,18:35,The La Planta,DISCOTEKA (feat. Locura Mix),603,A
2023-06-01,18:35,The La Planta,DISCOTEKA (feat. Locura Mix),859,A
2023-06-01,18:35,The La Planta,DISCOTEKA (feat. Locura Mix),696,A
2023-06-01,18:35,Eladio Carrion,Coco Chanel,325,A
2023-06-01,18:35,Eladio Carrion,Coco Chanel,0,A
2023-06-01,18:35,ECKO,Te Escapas De Mis Brazos (Remix),557,A
2023-06-01,18:35,Feid,Niña Bonita,34446,A
2023-06-01,18:39,ECKO,Te Escapas De Mis Brazos (Remix),217826,A
2023-06-01,18:41,Big One,Un Finde | CROSSOVER #2,162500,A
2023-06-01,18:44,TINI,Cupido,174369,A
2023-06-01,18:47,Feid,Classy 101,195986,A
2023-06-01,18:51,La Joaqui,Amanecemos,198183,A
2023-06-01,18:52,Eslabon Armado,Ella Baila Sola,98983,A
2023-06-01,18:55,BM,M.A (Mejores Amigos),158309,A
2023-06-01,18:58,Ke Personajes,Pobre Corazón - En Vivo,198930,A
2023-06-01,19:02,Yandel,Yandel 150,216148,A
2023-06-01,19:09,Ke Personajes,Si No Te Tengo / Ángel / Aquello Que Pasó,428438,A
2023-06-01,19:11,Nicki Nicole,DISPARA ***,143935,A
2023-06-01,19:14,Lauty Gram,Vida Gangster,170058,A
2023-06-01,19:18,BM,M.A - Remix,272727,A
2023-06-01,19:21,Luck Ra,Ya No Vuelvas (Versión Cuarteto),204000,A
2023-06-01,19:25,Bad Bunny,WHERE SHE GOES,231704,A
2023-06-01,19:29,Cris Mj,Marisola - Remix,237473,A
2023-06-01,19:30,WOS,ARRANCARMELO,52728,A
2023-06-01,19:33,ROSALÍA,BESO,194935,A
2023-06-01,19:35,Taiu,Rara Vez,128677,A
2023-06-01,19:36,Feid,Normal,905,A
2023-06-01,19:39,LiL CaKe,MERCHO,161451,A
2023-06-01,19:42,Feid,Niña Bonita,187653,A
2023-06-01,19:44,KAROL G,TQG,5619,A
2023-06-01,19:44,Manuel Turizo,La Bachata,111886,A
2023-06-01,19:44,Travis Scott,goosebumps,2136,A
2023-06-01,19:47,YNW Melly,Murder On My Mind,171966,A
2023-06-01,19:51,Drake,Signs,234373,A
2023-06-01,19:52,Dominic Fike,Babydoll,97960,A
2023-06-01,19:54,Kendrick Lamar,LOYALTY. FEAT. RIHANNA.,10657,A
2023-06-01,19:54,Mura Masa,Love$ick (feat. A$AP Rocky),88859,A
2023-06-01,19:56,Frank Ocean,Nights,100054,A
2023-06-01,19:59,Frank Ocean,Chanel,210285,A
2023-06-01,20:04,J. Cole,No Role Modelz,859,A
2023-06-01,20:04,Kanye West,Only One,268686,A
2023-06-01,20:04,J. Cole,Wet Dreamz,882,A
2023-06-01,20:08,J. Cole,No Role Modelz,265357,A
2023-06-01,20:08,J. Cole,Wet Dreamz,8753,A
2023-06-01,20:12,Intoxicados,Nunca quise,64,A
2023-06-01,20:12,Intoxicados,Nunca quise,1109,A
2023-06-01,20:12,Intoxicados,Nunca quise,234,A
2023-06-01,20:12,Intoxicados,Nunca quise,63,A
2023-06-01,20:12,Intoxicados,Nunca quise,85,A
2023-06-01,20:12,Intoxicados,Nunca quise,405,A
2023-06-01,20:12,Intoxicados,Nunca quise,106,A
2023-06-01,20:12,Intoxicados,Nunca quise,213,A
2023-06-01,20:12,Intoxicados,Nunca quise,341,A
2023-06-01,20:12,Intoxicados,Nunca quise,149,A
2023-06-01,20:12,Intoxicados,Nunca quise,5568,A
2023-06-01,20:12,Intoxicados,Nunca quise,831,A
2023-06-01,20:12,Intoxicados,Nunca quise,170,A
2023-06-01,20:12,Intoxicados,Nunca quise,206449,A
2023-05-31,15:10,Declan McKenna,"Daniel, You're Still a Child",238920,B
2023-05-31,15:14,KALEO,All the Pretty Girls,269893,B
2023-05-31,15:15,Indios,Ya Pasó,60636,B
2023-05-31,15:18,The Strokes,The Adults Are Talking,4610,B
2023-05-31,15:18,Lorde,Royals,13260,B
2023-05-31,15:18,Jason Mraz,I'm Yours,158590,B
2023-05-31,15:18,George Harrison,Beware of Darkness - 2014 Remaster,4690,B
2023-05-31,16:40,Radiohead,Reckoner,26659,B
2023-05-31,16:40,The Strokes,You Only Live Once,189226,B
2023-05-31,16:45,Thirdstory,Only Love,238453,B
2023-05-31,16:51,Bon Iver,Blindsided,329266,B
2023-05-31,16:51,Tove Lo,2 Die 4,9922,B
2023-06-01,10:35,Tove Lo,2 Die 4,640,B
2023-06-01,11:02,Led Zeppelin,Stairway to Heaven - Remaster,5600,B
2023-06-01,11:02,Danny Ocean,Volare,6026,B
2023-06-01,11:02,The Black Skirts,EVERYTHING,29930,B
2023-06-01,11:02,Nick Jonas & The Administration,Who I Am,354117,B
2023-06-01,11:05,Ciro y los Persas,Me Gusta,167250,B
2023-06-01,11:05,Dean Martin,Volare (Nel Blu Di Pinto Di Blu) - Remastered 1998,16840,B
2023-06-01,11:06,Quevedo,WANDA,13360,B
2023-06-01,11:06,TINI,Quiero Volver,9260,B
2023-06-01,11:08,Lianne La Havas,They Could Be Wrong,141860,B
2023-06-01,11:08,Pescado Rabioso,Cementerio Club,5750,B
2023-06-01,11:12,Arath Herce,Quiero Sentirlo Todo,220629,B
2023-06-01,11:13,The Beatles,Dear Prudence - Remastered 2009,6227,B
2023-06-02,02:12,Cha Se-Eun,Chihiro,26965,B
2023-06-02,02:13,Anderson .Paak,Come Home (feat. André 3000),41941,B
2023-06-02,02:13,Liana Flores,rises the moon,16362,B
2023-06-02,02:41,Cambia Tu Mente Y Podrás Cambiar Tu Vida," Libera la tensión acumulada relaja tu mente, libre de estrés.",1675776,B
2023-06-02,10:46,The Beatles,Rock And Roll Music - Remastered 2009,2880,B
2023-06-02,10:49,NAFTA,Quiero Verte,7380,B
2023-06-02,10:49,Nick Jonas & The Administration,Who I Am,172590,B
2023-06-02,10:49,La Beriso,Madrugada,9660,B
2023-06-02,10:50,Mac Miller,Come Back to Earth,5080,B
2023-06-02,10:50,ODESZA,The Last Goodbye,4750,B
2023-06-02,10:50,Kevin Kaarl,Amor Viejo,46430,B
2023-06-02,10:51,Mac DeMarco,My Kind of Woman,1240,B
2023-06-02,10:51,David Guetta,Titanium (feat. Sia),1000,B
2023-06-02,10:51,The Strokes,Under Control,1020,B
2023-06-02,10:51,Coti,Nada Fue Un Error,1040,B
2023-06-02,10:51,Queen,Crazy Little Thing Called Love - Remastered 2011,790,B
2023-06-02,10:51,The Smiths,Heaven Knows I'm Miserable Now - 2011 Remaster,960,B
2023-06-02,10:51,Declan McKenna,"Eventually, Darling",1890,B
2023-06-02,10:51,Queen,Don't Stop Me Now - Remastered 2011,1050,B
2023-06-02,10:51,Adele,I'll Be Waiting,6880,B
2023-06-02,10:51,Axel,Te Voy A Amar,4690,B
2023-06-02,10:51,Vance Joy,Riptide,1770,B
2023-06-02,10:51,The Strokes,Barely Legal,1080,B
2023-06-02,10:51,Mac Miller,What's the Use?,970,B
2023-06-02,10:51,Bon Iver,"Hey, Ma",1210,B
2023-06-02,10:51,Los Abuelos De La Nada,Mil Horas,1510,B
2023-06-02,10:51,Ciro y los Persas,Me Gusta,2120,B
2023-06-02,10:51,Keane,Sovereign Light Café,900,B
2023-06-02,10:51,Maná,Amor Clandestino,1140,B
2023-06-02,10:51,Cardellino,Daiquiri,1870,B
2023-06-02,10:51,Rodrigo,Ocho Cuarenta,1580,B
2023-06-02,10:51,MEUTE,You & Me,1500,B
2023-06-02,10:51,Guns N' Roses,Knockin' On Heaven's Door,1170,B
2023-06-02,10:51,Miranda!,Perfecta - Versión con Julieta Venegas,1480,B
2023-06-02,10:51,The Night Café,Please,3350,B
2023-06-02,10:51,Queen,Another One Bites The Dust - Remastered 2011,1030,B
2023-06-02,10:51,ABBA,Dancing Queen,1250,B
2023-06-02,10:51,The Smiths,You've Got Everything Now - David Jensen Session 26/06/83,1050,B
2023-06-02,10:51,The Beatles,You Like Me Too Much - Remastered 2009,1140,B
2023-06-02,10:51,Queen,I Want To Break Free - Remastered 2011,900,B
2023-06-02,10:51,Phoebe Bridgers,Motion Sickness,1060,B
2023-06-02,10:51,Fabiana Cantilo,Mi enfermedad,890,B
2023-06-02,10:51,Bon Iver,Skinny Love,1310,B
2023-06-02,10:51,Gilbert O'Sullivan,Alone Again (Naturally),1190,B
2023-06-02,10:51,Mount Dreams,Night Dive (feat. Saavan),1090,B
2023-06-02,10:51,Wham!,Wake Me Up Before You Go-Go,890,B
2023-06-02,10:51,Ben Böhmer,Breathing,2040,B
2023-06-02,10:55,Gregory Alan Isakov,Words,17240,B
2023-06-02,10:55,Miranda!,Enamorada,3980,B
2023-06-02,10:55,The Lumineers,Gloria,216120,B
2023-06-02,10:55,Los Panchos,Nosotros,6110,B
2023-05-26,01:00,Meek Mill,R.I.C.O. (feat. Drake),21668,C
2023-05-26,01:01,ROSALÍA,BESO,56576,C
2023-05-26,06:10,ROSALÍA,BESO,1258,C
2023-05-26,06:10,Selecta,Tu Nombre - Remix - Bonus Track,181845,C
2023-05-26,06:10,Gustavo Cerati,Camuflaje,3882,C
2023-05-26,06:13,Fito Paez,Un vestido y un amor,199000,C
2023-05-26,06:13,La Franela,Hacer un puente,2410,C
2023-05-26,06:13,Gustavo Cerati,Puente,12894,C
2023-05-26,06:16,Luis Alberto Spinetta,Ya No Mires Atrás,1941,C
2023-05-26,06:16,La Portuaria,A Través De Tus Ojos,1471,C
2023-05-26,06:16,Charly García,Chipi-Chipi,1834,C
2023-05-26,06:16,Soda Stereo,Trátame Suavemente - Remasterizado 2007,168661,C
2023-05-26,06:16,Pescado Rabioso,Todas las Hojas Son del Viento,1237,C
2023-05-26,06:16,Jarabe De Palo,Me gusta como eres,1237,C
2023-05-26,06:16,Gustavo Cerati,Adiós,1535,C
2023-05-26,06:16,Conociendo Rusia,Cabildo y Juramento,1408,C
2023-05-26,06:19,Soda Stereo,Te Para 3 - MTV Unplugged,18577,C
2023-05-26,06:19,Fito Paez,Pétalo de sal,163280,C
2023-05-26,06:23,Feid,Classy 101,195986,C
2023-05-26,06:24,Delaossa,Parezco Tonto,2431,C
2023-05-26,06:24,Israel B,Mejor,8981,C
2023-05-26,06:24,Fuego,Cereza,84580,C
2023-05-26,06:27,Eladio Carrion,Sin Frenos,197141,C
2023-05-26,06:28,Delaossa,Felicidades,5418,C
2023-05-26,06:30,TAICHU,NOCHE DE SATEO,173238,C
2023-05-26,06:34,TAICHU,PRESIÓN,186133,C
2023-05-26,06:38,Quevedo,AHORA QUÉ,5529,C
2023-05-26,06:38,Andrés Calamaro,Crímenes perfectos,264840,C
2023-05-26,06:41,La Portuaria,A Través De Tus Ojos,188546,C
2023-05-26,06:41,Calle 13,Un Beso de Desayuno,1460,C
2023-05-26,21:42,Fito Paez,Dos días en la vida,746,C
2023-05-26,23:38,Fito Paez,Brillante Sobre el Mic - EADDA9223,29580,C
2023-05-26,23:41,Fito Paez,Giros,187600,C
2023-05-26,23:43,Fito Paez,Taquicardia,121533,C
2023-05-26,23:47,Fito Paez,Alguna Vez Voy A Ser Libre,236560,C
2023-05-26,23:50,Fito Paez,11 Y 6,178266,C
2023-05-26,23:53,Fito Paez,Yo Vengo A Ofrecer Mi Corazon,214840,C
2023-05-26,23:59,Fito Paez,Narciso Y Quasimodo,214366,C
2023-05-27,00:03,Fito Paez,Cable A Tierra,205600,C
2023-05-27,00:06,Fito Paez,Decisiones Apresuradas,162493,C
2023-05-27,00:22,Fito Paez,D.L.G.,233590,C
2023-05-27,00:22,Selecta,Tu Nombre - Remix - Bonus Track,14928,C
2023-05-27,00:25,Cruz Cafuné,TURBO // Epifanía,157589,C
2023-05-27,00:28,Cruz Cafuné,Dios #1,200125,C
2023-05-27,00:30,Cruz Cafuné,s3_e07_theboondocks_dvdrip.mpeg,135224,C
2023-05-27,00:31,Cruz Cafuné,s3_e07_theboondocks_dvdrip.mpeg,1898,C
2023-05-27,00:31,Cruz Cafuné,Dios #1,16618,C
2023-05-27,00:31,Cruz Cafuné,BABI BOI,22815,C
2023-05-27,00:34,Cruz Cafuné,s3_e07_theboondocks_dvdrip.mpeg,135224,C
2023-05-27,00:37,Cruz Cafuné,BABI BOI,213525,C
2023-05-27,00:41,Cruz Cafuné,4 PREZ,149484,C
2023-05-27,00:41,Cruz Cafuné,Cangrinaje,35503,C
2023-05-27,04:24,Luis Alberto Spinetta,Rezo por Vos (En Vivo Estadio Vélez Sarsfield) (feat. Charly García),512,C
2023-05-27,04:29,Ciro y los Persas,Antes y Después,302788,C
2023-05-27,04:32,Charly García,Demoliendo Hoteles,135973,C
2023-05-27,04:36,La Vela Puerca,De Atar,244160,C
2023-05-27,04:40,Andrés Calamaro,Flaca,277653,C
2023-05-27,04:44,Los Piojos,Ruleta,3023,C
2023-05-27,04:44,Patricio Rey y sus Redonditos de Ricota,Un Ángel para Tu Soledad,231533,C
2023-05-27,04:48,Callejeros,Prohibido,210013,C
2023-05-27,04:51,Divididos,Spaghetti del Rock,212880,C
2023-05-27,04:55,Fito Paez,Dos días en la vida,212920,C
2023-05-27,04:59,Turf,Loco Un Poco,1258,C
2023-05-27,04:59,Charly García,Nos Siguen Pegando Abajo,1535,C
2023-05-27,04:59,Los Auténticos Decadentes,Un Osito de Peluche de Taiwán,237161,C
2023-05-27,04:59,Catupecu Machu,A Veces Vuelvo,1344,C
2023-05-27,04:59,Los Tipitos,Campanas en la Noche,1621,C
2023-05-27,13:08,Attaque 77,Arrancacorazones,99029,C
2023-05-27,15:43,C. Tangana,Antes de Morirme (feat. ROSALÍA),19610,C
2023-05-27,15:43,Lao Ra,Picaflor,1020,C
2023-05-27,15:43,C. Tangana,Persiguiéndonos,2120,C
2023-05-27,15:45,C. Tangana,Estrecho / Alvarado (feat. pablopablo),150141,C
2023-05-27,15:49,C. Tangana,Yelo,189356,C
2023-05-27,15:51,C. Tangana,Llorando en la Limo (feat. Alizzz),139354,C
2023-05-27,15:53,C. Tangana,Cuando Me Miras (feat. Enry-K),143127,C
2023-05-27,15:56,Israel B,Tranquilísimo,143179,C
2023-05-27,15:57,Alvaro Diaz,Todas Mías,230,C
2023-05-27,15:57,Jesse Baez,Fácil,1601,C
2023-05-27,15:57,C. Tangana,5 Stars (feat. Polimá Westcoast),1950,C
2023-05-27,15:57,C. Tangana,Still Rapping (feat. Steve Lean),89899,C
2023-05-27,16:01,C. Tangana,5 Stars (feat. Polimá Westcoast),244971,C
2023-05-27,16:04,Alvaro Diaz,Todas Mías,174920,C
2023-05-27,16:05,C. Tangana,"Huele a Nuevo (feat. Sticky M.A., Danni Ble & Royce Rolo)",61708,C
2023-05-27,16:08,C. Tangana,"Spanish Jigga Freestyle - Live from VEVO NYC, July 18'",184250,C
2023-05-27,16:11,C. Tangana,Siempre Quise Todo (feat. Sky Rompiendo),151000,C
2023-05-27,17:20,KHEA,SIN CORAZÓN,6165,C
2023-05-27,17:20,Pescado Rabioso,Todas las Hojas Son del Viento,554,C
2023-05-27,17:20,Gustavo Cerati,Camuflaje,43285,C
2023-05-27,17:21,Pescado Rabioso,Cementerio Club,26368,C
2023-05-27,17:22,YSY A,RELOJES REVENTADOS,46314,C
2023-05-27,17:24,C. Tangana,Demasiadas Mujeres,153960,C
2023-05-27,17:28,C. Tangana,Tú Me Dejaste De Querer,198493,C
2023-05-27,17:31,C. Tangana,Comerte Entera,174480,C
2023-05-27,17:33,C. Tangana,Nunca Estoy,162493,C
2023-05-27,17:36,C. Tangana,Párteme La Cara,167866,C
2023-05-27,17:39,C. Tangana,Ingobernable,187053,C
2023-05-27,17:42,C. Tangana,Nominao,176186,C
2023-05-27,17:45,C. Tangana,Un Veneno - G-Mix,193693,C
2023-05-27,17:49,C. Tangana,Te Olvidaste,187520,C
2023-05-27,17:52,C. Tangana,Muriendo De Envidia,182640,C
2023-05-27,17:54,C. Tangana,CAMBIA!,161474,C
2023-05-27,17:57,Eslabon Armado,Ella Baila Sola,165671,C
2023-05-27,17:58,Eslabon Armado,Ella Baila Sola,39567,C
2023-05-27,17:58,Woodkid,The Golden Age,7744,C
2023-05-27,18:00,Woodkid,The Golden Age,124309,C
2023-05-27,18:00,The Weeknd,Starboy,1152,C
2023-05-27,18:04,The Weeknd,Blinding Lights,160901,C
2023-05-27,18:04,C418,Sweden,48597,C
2023-05-27,18:05,Betoven Collection,Gymnopédie No.1,42602,C
2023-05-27,18:09,Jacob's Piano,Mariage d'Amour,215722,C
2023-05-27,18:11,Fabrizio Paterlini,Rue des trois frères,22563,C
2023-05-27,18:11,Fabrizio Paterlini,Rue des trois frères,111442,C
2023-05-27,18:17,Carly Comando,Everyday,349000,C
2023-05-27,18:23,Carly Comando,Everyday,349000,C
2023-05-27,18:23,Carly Comando,Everyday,24631,C
2023-05-27,18:28,Pescado Rabioso,Cementerio Club,295826,C
2023-05-27,18:31,Pescado Rabioso,Por,174029,C
2023-05-27,18:36,Pescado Rabioso,Superchería,255986,C
2023-05-27,18:39,Pescado Rabioso,La Sed Verdadera,209973,C
2023-05-27,18:48,Pescado Rabioso,Cantata de Puentes Amarillos,547960,C
2023-05-27,18:52,Pescado Rabioso,Bajan,204466,C
2023-05-27,18:55,Pescado Rabioso,"A Starosta, el Idiota",193706,C
2023-05-27,18:59,Pescado Rabioso,Las Habladurias del Mundo,243266,C
2023-05-27,19:01,Pescado Rabioso,Todas las Hojas Son del Viento,130080,C
2023-05-27,19:04,Pescado Rabioso,Cementerio Club,185873,C
2023-05-27,20:04,Pescado Rabioso,La Sed Verdadera,1045,C
2023-05-27,20:04,Pescado Rabioso,Superchería,2240,C
2023-05-27,20:04,Pescado Rabioso,Cantata de Puentes Amarillos,10688,C
2023-05-27,20:04,Pescado Rabioso,Por,725,C
2023-05-27,20:08,Pescado Rabioso,Bajan,204466,C
2023-05-27,20:11,Pescado Rabioso,"A Starosta, el Idiota",193706,C
2023-05-27,20:15,Pescado Rabioso,Las Habladurias del Mundo,114445,C
2023-05-27,20:19,Charly García,Nos Siguen Pegando Abajo,206720,C
2023-05-27,20:23,Charly García,Hablando a Tu Corazón,255266,C
2023-05-27,20:25,Charly García,Demoliendo Hoteles,135973,C
2023-05-27,21:27,La Vela Puerca,De Atar,206129,C
2023-05-27,21:32,Luis Alberto Spinetta,Rezo por Vos (En Vivo Estadio Vélez Sarsfield) (feat. Charly García),272733,C
2023-05-27,21:40,Fito Paez,Dos días en la vida,448430,C
2023-05-27,21:40,Luis Alberto Spinetta,Ya No Mires Atrás,4671,C
2023-05-27,21:40,Los Piojos,Ruleta,2474,C
2023-05-27,21:40,Catupecu Machu,Magia Veneno,1429,C
2023-05-27,21:40,Catupecu Machu,A Veces Vuelvo,1471,C
2023-05-27,21:40,Attaque 77,Arrancacorazones,5461,C
2023-05-27,21:40,Los Piojos,Bicho de Ciudad,1471,C
2023-05-27,21:40,Charly García,Buscando un Símbolo de Paz,3840,C
2023-05-27,21:40,Catupecu Machu,Y Lo Que Quiero Es Que Pises Sin El Suelo,1578,C
2023-05-27,21:40,La Renga,El Revelde,1664,C
2023-05-27,21:40,Conociendo Rusia,Cabildo y Juramento,1429,C
2023-05-27,21:42,Jarabe De Palo,Depende,810,C
2023-05-27,21:42,La Portuaria,A Través De Tus Ojos,3135,C
2023-05-27,21:42,Los Piojos,Fijate,1749,C
2023-05-27,21:42,Fito Paez,La rueda mágica,123050,C
2023-05-27,21:44,Serú Girán,Seminare (Remasterizado 2021),981,C
2023-05-27,21:44,La Franela,Hacer un puente,1408,C
2023-05-27,21:44,La Franela,Hacer un puente,10325,C
2023-05-27,21:44,Jarabe De Palo,Depende,1578,C
2023-05-27,21:44,Gustavo Cerati,Bajan,1301,C
2023-05-27,21:44,Charly García,Chipi-Chipi,1301,C
2023-05-27,21:44,Charly García,Chipi-Chipi,2837,C
2023-05-27,21:44,Los Piojos,Fijate,90197,C
2023-05-27,21:47,Gustavo Cerati,Bajan,198357,C
2023-05-27,21:51,Serú Girán,Seminare (Remasterizado 2021),202513,C
2023-05-27,21:51,Gustavo Cerati,Crimen,23461,C
2023-05-28,22:31,Ottilie Lebau,Saint James Infirmary Blues,124000,C
2023-05-28,22:34,Frank Keme,Around Me,162427,C
2023-05-28,22:36,Rikard Wennberg,Our Love Story,126491,C
2023-05-28,22:40,Alec Taylor,God Bless the Child,254647,C
2023-05-28,22:43,Andy Luma,Cherokee,179874,C
2023-05-28,22:47,Mary Steinbrecher,Sharing,224500,C
2023-05-28,22:49,Lenard Lovito,Sweet Or Sweeter,119350,C
2023-05-28,22:51,Einar Magnusson,Be Free,137984,C
2023-05-28,22:54,Martin Landström,That Old Fashioned Moon,169446,C
2023-05-28,22:57,Urskogen Jazz,"Break My Heart, Love",177071,C
2023-05-28,23:01,Tim Walker-Price,Embraceable You,202889,C
2023-05-28,23:03,Roland Wilder,St. James's At Night,149771,C
2023-05-28,23:07,Elton Willis,There´s no you,187127,C
2023-05-29,10:01,Rels B,Sin Gato (MIAU!),99456,C
2023-05-29,10:05,Rauw Alejandro,Aquel Nap ZzZz,263637,C
2023-05-29,10:09,Rauw Alejandro,MUSEO,216128,C
2023-05-29,10:09,Selecta,Tu Nombre - Remix - Bonus Track,2773,C
2023-05-29,10:12,ROSALÍA,BESO,194543,C
2023-05-29,10:12,Gustavo Cerati,Camuflaje,4018,C
2023-05-29,10:15,ROSALÍA,LLYLM,174044,C
2023-05-29,10:19,Fabiana Cantilo,Nada es para siempre,11925,C
2023-05-29,10:19,Zeballos,Eclipse,241058,C
2023-05-29,10:19,Fabiana Cantilo,Llego tarde,1194,C
2023-05-29,10:19,LOUTA,VENENO,1493,C
2023-05-29,10:19,Claudia Puyó,Alguna Vez,3416,C
2023-05-29,10:20,WOS,DESCARTABLE,72511,C
2023-05-29,10:23,C. Tangana,Estrecho / Alvarado (feat. pablopablo),150141,C
2023-05-29,10:27,Bad Bunny,ANTES QUE SE ACABE,221186,C
2023-05-29,10:29,Eladio Carrion,Me Gustas Natural,3114,C
2023-05-29,10:29,Rels B,Buenos Genes,5290,C
2023-05-29,10:29,Eladio Carrion,Coco Chanel,132973,C
2023-05-29,10:30,Kendrick Lamar,Money Trees,75242,C
2023-05-29,10:31,Justend,threethou - latenight,80562,C
2023-05-29,10:32,DNA,"Tom's Diner - 7"" Version",3076,C
2023-05-29,10:32,Blood Orange,Out Of Your League,1749,C
2023-05-29,10:34,Playboi Carti,Location,168783,C
2023-05-29,10:40,Travis Scott,90210 (feat. Kacy Hill),339066,C
2023-05-29,10:42,Kanye West,Ghost Town,103202,C
2023-05-29,23:30,ROSALÍA,BESO,194543,C
2023-05-29,23:33,WOS,DESCARTABLE,181782,C
2023-05-29,23:33,Gustavo Cerati,Camuflaje,12945,C
2023-05-29,23:36,ROSALÍA,LLYLM,174044,C
2023-05-29,23:40,Fabiana Cantilo,Nada es para siempre,1642,C
2023-05-29,23:40,Zeballos,Eclipse,241058,C
2023-05-29,23:40,Claudia Puyó,Alguna Vez,1666,C
2023-05-29,23:41,Fabiana Cantilo,Llego tarde,14762,C
2023-05-29,23:44,WOS,ANDRÓMEDA,171475,C
2023-05-29,23:44,Lara91k,Zoe,0,C
2023-05-29,23:44,Rels B,Sin Gato (MIAU!),1791,C
2023-05-29,23:47,Adrian Bello,Elefantes en el Mar,1450,C
2023-05-29,23:47,WOS,ANDRÓMEDA,575,C
2023-05-29,23:47,Gustavo Cerati,Bajan,4991,C
2023-05-29,23:47,WOS,MUGRE,1066,C
2023-05-29,23:47,Lara91k,Zoe,194346,C
2023-05-29,23:47,WOS,OKUPA,981,C
2023-05-29,23:51,T&K,Voyagers,266367,C
2023-05-29,23:53,maye,Versos de Placer,90026,C
2023-05-29,23:54,maye,Tú,55701,C
2023-05-30,21:07,Babi,Lo sabía,199146,C
2023-05-30,21:10,Doble,3 AM,168500,C
2023-05-30,21:13,Zeballos,Sin Escalas,181000,C
2023-05-30,21:16,Al Safir,No Love,184000,C
2023-05-30,21:20,Delaossa,Veneno,258586,C
2023-05-30,21:24,ACRU,THROW UP SESSION #3,231111,C
2023-05-30,21:27,Sara Socas,Ahora Me Quiero Más,166666,C
2023-05-30,21:30,Marc Seguí,Daiwal,173354,C
2023-05-30,21:33,Santy-P,Lento,199500,C
2023-05-30,21:36,Kali Uchis,telepatía,160191,C
2023-05-30,21:38,Rels B,SHORTY QUE TE VAYA BN <3,1602,C
2023-05-30,21:38,Vivi K,he dejado de llamarte,142467,C
2023-05-30,21:42,Zeballos,Catarsis,214833,C
2023-05-30,21:45,Marc Seguí,cara :),176340,C
2023-05-31,09:57,Fito Paez,El Amor Después del Amor - EADDA9223,235349,C
2023-05-31,10:02,Fito Paez,Dos Días en la Vida - EADDA9223 (feat. Lali & Nicki Nicole),248881,C
2023-05-31,10:03,Fito Paez,La Verónica - EADDA9223 (feat. NATHY PELUSO),94820,C
2023-05-31,10:04,Fito Paez,Tráfico por Katmandú - EADDA9223 (feat. Elvis Costello),72469,C
2023-05-31,10:07,Fito Paez,Pétalo de Sal - EADDA9223 (feat. Chico Buarque),139989,C
2023-05-31,10:11,Fito Paez,"Sasha, Sissi y el Círculo de Baba - EADDA9223 (feat. Mon Laferte)",238333,C
2023-05-31,10:12,Fito Paez,Un Vestido y un Amor - EADDA9223 (feat. Marisa Monte),83757,C
2023-05-31,10:14,Fito Paez,Tumbas de la Gloria - EADDA9223 (feat. María Castillo de Lima),144341,C
2023-05-31,10:19,Fito Paez,La Rueda Mágica - EADDA9223 (feat. Andrés Calamaro & Conociendo Rusia),248724,C
2023-05-31,10:24,Fito Paez,Creo - EADDA9223,308790,C
2023-05-31,10:27,Fito Paez,Detrás del Muro de los Lamentos - EADDA9223 (feat. Antonio Carmona & Estrella Morente),216762,C
2023-05-31,10:33,Fito Paez,La Balada de Donna Helena - EADDA9223 (feat. WOS & CA7RIEL),342215,C
2023-05-31,10:37,Fito Paez,Brillante Sobre el Mic - EADDA9223,246183,C
2023-05-31,10:40,Fito Paez,A Rodar Mi Vida - EADDA9223 (feat. David Lebón & Leiva),144656,C
2023-05-31,22:40,Fito Paez,A Rodar Mi Vida - EADDA9223 (feat. David Lebón & Leiva),4544,C
2023-05-31,22:41,Fito Paez,El Amor Después del Amor - EADDA9223,62271,C
2023-05-31,22:42,Kate Bush,Running Up That Hill (A Deal With God),70015,C
2023-05-31,22:43,Kate Bush,Wuthering Heights,43157,C
2023-05-31,22:46,Sunni Colón,UNIVERSE 4 TWO,159424,C
2023-05-31,22:48,maye,Tú,161322,C
2023-05-31,22:48,ROSALÍA,BESO,2645,C
2023-05-31,22:48,Selecta,Tu Nombre - Remix - Bonus Track,3007,C
2023-05-31,22:49,Gustavo Cerati,Camuflaje,16597,C
2023-05-31,22:51,C. Tangana,Demasiadas Mujeres,153960,C
2023-05-31,22:52,C. Tangana,Tú Me Dejaste De Querer,59522,C
2023-05-31,22:55,Varese,Dormido - Franzizca Remix,128938,C
2023-05-31,22:56,Franzizca,90s,95722,C
2023-05-31,22:59,C. Tangana,Tú Me Dejaste De Querer,172864,C
2023-05-31,23:02,TAICHU,NOCHE DE SATEO,173238,C
2023-05-31,23:06,Hayden James,Something About You,225181,C
2023-05-31,23:08,Madelline,dopamine,114990,C
2023-05-31,23:09,Claptone,Dear Life,50922,C
2023-05-31,23:10,Sofi Tukker,Jacaré,49194,C
2023-05-31,23:12,Chris Lake,Beggin',127338,C
2023-05-31,23:15,RÜFÜS DU SOL,Sundream,183045,C
2023-05-31,23:17,C. Tangana,Nominao,92223,C
2023-06-01,01:27,Jesse Baez,Honey,11029,C
2023-06-01,01:51,Nsqk,De Vez en Cuando (Aparece),3178,C
2023-06-01,09:52,Nsqk,De Vez en Cuando (Aparece),110031,C
2023-06-01,09:53,Nsqk,Árbol De Manzanas,67562,C
2023-06-01,09:54,Nsqk,309,35456,C
2023-06-01,09:54,Nsqk,De Vez en Cuando (Aparece),1301,C
2023-06-01,09:55,Nsqk,Tonos de Azul,90431,C
2023-06-01,09:56,Nsqk,¿Pa Qué La Hacemos De Pedo?,51754,C
2023-06-01,09:58,Nsqk,Árbol De Manzanas,114282,C
2023-06-01,10:00,Jesse Baez,Honey,110997,C
2023-06-01,10:00,Feid,Le Pido a DIOS,6442,C
2023-06-01,10:01,Jesse Baez,No Jaló,2197,C
2023-06-01,10:01,Jesse Baez,Monte Carlo,37034,C
2023-06-01,10:03,Jesse Baez,ZACAPA SPONSOR ME,154813,C
2023-06-01,10:05,Jesse Baez,Cosas De Antes,99309,C
2023-06-01,10:08,Paco Amoroso,Viuda Negra,198085,C
2023-06-01,10:12,Bizarrap,"Peso Pluma: Bzrp Music Sessions, Vol. 55",190803,C
2023-06-01,10:13,Paco Amoroso,Switch,81812,C
2023-06-01,10:19,Fito Paez,Brillante Sobre el Mic - EADDA9223,15608,C
2023-06-01,10:19,Fito Paez,La Balada de Donna Helena - EADDA9223 (feat. WOS & CA7RIEL),342215,C
2023-06-01,10:21,Fito Paez,"Sasha, Sissi y el Círculo de Baba - EADDA9223 (feat. Mon Laferte)",125034,C
2023-06-01,10:22,Andrés Calamaro,Crímenes perfectos,4991,C
2023-06-01,10:22,Fito Paez,Un Vestido y un Amor - EADDA9223 (feat. Marisa Monte),71061,C
2023-06-01,10:23,Andrés Calamaro,Cartas Sin Marcar,31786,C
2023-06-01,10:24,Bizarrap,"Peso Pluma: Bzrp Music Sessions, Vol. 55",82175,C
2023-06-01,10:27,Natanael Cano,AMG,174942,C
2023-06-01,10:29,Eslabon Armado,Ella Baila Sola,85314,C
2023-06-01,10:30,Nicki Nicole,CAEN LAS ESTRELLAS,64405,C
2023-06-01,10:31,YSY A,Traje Unos Tangos,63189,C
2023-06-01,18:34,Eminem,Stepdad,30954,C
2023-06-01,18:35,Eminem,Stepdad,9727,C
2023-06-01,18:35,Pescado Rabioso,Amame Peteribí,3733,C
2023-06-01,18:35,Pescado Rabioso,Amame Peteribí,4394,C
2023-06-01,19:38,Canserbero,Es Épico,361978,C
2023-06-01,19:40,YSY A,#Ysya2020 Vol. 4 - Pasa Que Yo,75541,C
2023-06-01,19:49,Bizarrap,"Peso Pluma: Bzrp Music Sessions, Vol. 55",241890,C
2023-06-01,20:07,Zeballos,Eclipse,30660,C
2023-06-01,20:12,2Pac,Do For Love,252500,C
2023-06-01,20:14,Common,Invocation,103060,C
2023-06-01,20:35,2Pac,I Get Around,180290,C
2023-06-02,00:36,Mayo 214,Me noto distinto,4410,C
2023-06-02,00:38,maye,Tú,143720,C
2023-06-02,00:44,Ms. Lauryn Hill,Doo Wop (That Thing),320266,C
2023-06-02,00:48,Ice Cube,You Know How We Do It,232773,C
2023-06-02,00:49,Junior M.A.F.I.A.,Get Money,115540,C
2023-06-02,00:53,Wu-Tang Clan,"C.R.E.A.M. (Cash Rules Everything Around Me) (feat. Method Man, Raekwon, Inspectah Deck & Buddha Monk)",227010,C
2023-06-02,00:57,maye,Yours,202720,C
2023-06-02,00:57,maye,Versos de Placer,3340,C
2023-06-02,00:59,maye,Kaleidoscope,166610,C
2023-06-02,01:27,¿Téo?,Belong in the Sun,136410,C
2023-06-02,10:18,Fito Paez,El amor después del amor,311893,C
2023-06-02,10:22,Fito Paez,Dos días en la vida,212920,C
2023-06-02,10:27,Fito Paez,Tráfico por Katmandú,6229,C
2023-06-02,10:27,Fito Paez,La Verónica,277469,C
2023-06-02,10:29,Fito Paez,Pétalo de sal,163280,C
2023-06-02,10:31,Fito Paez,"Sasha, Sissí y el círculo de baba",95408,C
2023-06-02,17:22,Tan Bionica,Loca,208813,C
